Stock,Volatility
USO,2.30791025296574
SOXX,2.060181809976374
CPER,1.9836008949461648
SLV,1.9727489703936518
XLE,1.8160653383550565
XLF,1.8124670319184866
QQQ,1.7114527158930137
IGV,1.6556676364267287
XLK,1.6302252540686895
IWM,1.5123495969144485
XLB,1.4979264131444197
XLC,1.45536882524456
XLY,1.4271075976227814
XLI,1.3357245979539287
XLRE,1.3155300002835475
RSP,1.2620666838946464
XLU,1.2228195623897062
SPY,1.1721157882920266
XLV,1.1276299345075063
GLD,1.1041801421724007
XLP,0.9618226271526196
